"LEGO Technic, Mini³adowarka, 42116","37,49 z³",LEGO TECHNIC  42119 MONSTER JAM MAX-D,76 z³,LEGO TECHNIC Samolot wyœcigowy 4211...,"34,90 z³"
"LEGO Technic, Samolot wyœcigowy, 42117","37,49 z³",LEGO TECHNIC 42083 Bugatti Chiron,1 389 z³,LEGO TECHNIC Mini³adowarka 42116,"35,90 z³"
"LEGO Technic, Mini Claas Xerion, 42102","38,49 z³",LEGO TECHNIC 42092 Helikopter ratunkowy,115 z³,LEGO TECHNIC £azik 42101,"39,00 z³"
"LEGO Technic, Dragster, 42103","73,99 z³",LEGO TECHNIC 42093 Chevrolet Corvette ZR1,155 z³,LEGO TECHNIC Mini CLAAS XERION 4210...,"39,00 z³"
"LEGO Technic, Monster Jam Grave Digger, 42118","73,99 z³",LEGO TECHNIC 42096 Porsche 911 RSR V29,569 z³,LEGO TECHNIC Dragster 42103,"69,90 z³"
"LEGO Technic, Monster Jam Max-D, 42119","73,99 z³",LEGO TECHNIC 42098 LAWETA,579 z³,LEGO Speed Ferrari F8 Tributo 76895,"69,90 z³"
"LEGO Technic, Helikopter ratunkowy, 42092","117,99 z³",LEGO TECHNIC 42099 Zdalnie sterowany pojazd terenowy,812 z³,LEGO Speed Nissan GT-R NISMO 76896,"69,90 z³"
"LEGO Technic, Chevrolet Corvette ZR1, 42093","150,99 z³",LEGO TECHNIC 42100 Koparka Liebherr R 9800,1 699 z³,LEGO Speed 1985 Audi Sport quattro ...,"69,90 z³"
"LEGO Technic, Katamaran, 42105","150,99 z³",LEGO TECHNIC 42111 DODGE CHARGER,399 z³,LEGO TECHNIC Monster Jam Max D 4211...,"74,80 z³"
"LEGO Technic, Jeep Wrangler, 42122","184,99 z³",LEGO TECHNIC 42116 MINI£ADOWARKA,40 z³,LEGO TECHNIC Monster Jam Grave Digg...,"74,90 z³"
"LEGO Technic, McLaren Senna GTR, 42123","184,99 z³",LEGO TECHNIC 42117 SAMOLOT WYŒCIGOWY,40 z³,LEGO Powered Up Du¿y silnik Technic...,"135,55 z³"
"LEGO Technic, Furgonetka i motocykl kaskaderski, 42106","192,99 z³",LEGO TECHNIC 42118 MONSTER JAM GRAVE DIGGER,76 z³,LEGO Powered Up Silnik XL Technic 8...,"135,55 z³"
"LEGO Technic, Ducati Panigale V4 R, 42107","226,00 z³",LEGO TECHNIC 42122 JEEP WRANGLER,187 z³,LEGO TECHNIC Katamaran 42105,"138,00 z³"
"LEGO Technic, Sterowana wyœcigówka kaskaderska, 42095","299,00 z³",LEGO TECHNIC 42124 £AZIK TERENOWY,499 z³,LEGO TECHNIC Furgonetka i motocykl ...,"175,00 z³"
"LEGO Technic, ¯uraw samochodowy, 42108","399,00 z³",LEGO TECHNIC 42125 FERRARI 488 GTE 'AF CORSE 51',670 z³,LEGO TECHNIC Jeep Wrangler 42122,"179,00 z³"
